INSERT INTO public.users (name, password) VALUES 
    ('alice', '$2a$10$vI8aWBnW3fID.ZQ4/zo1G.q1lRps.9cGLcZEiGDMVr5yUP1KUOYTa'),
    ('bob', '$2a$10$7JOO3kZ.8AYjwJZPc.XXTOGZBb0oQmZ0F12L1Z2Z0F12L1Z2Z0F12'),
    ('charlie', '$2a$10$1234567890123456789012345678901234567890123456789012');
INSERT INTO public.Status (id, name, description) VALUES
    (1, 'Not Started', 'The Task Has Not Yet Been Initiated.'),
    (2, 'In Progress', 'The Task Is Currently Being Worked On.'),
    (3, 'Done', 'The Task Has Been Successfully Completed.');
INSERT INTO public.categories (id, name, color) VALUES
    (1, 'Marketing Campaigns', 'FF5733'),
    (2, 'Software Development', '33FF57'),
    (3, 'Financial Reports', '3357FF'),
    (4, 'Human Resources', 'F39C12'),
    (5, 'Customer Support', '1ABC9C'),
    (6, 'IT Infrastructure', '2ECC71'),
    (7, 'Supply Chain Management', '16A085'),
    (8, 'Legal Documents', '9B59B6'),
    (9, 'Product Design', '3498DB'),
    (10, 'Operations', '2980B9');
INSERT INTO public.accesses (category_id, user_id, role) VALUES
    (1, 1, 4),
    (1, 2, 2),
    (2, 2, 4),
    (2, 3, 1),
    (3, 3, 4),
    (3, 1, 2),
    (4, 1, 4),
    (4, 2, 0),
    (5, 2, 4),
    (5, 3, 1),
    (6, 3, 4),
    (6, 1, 2),
    (7, 1, 4),
    (7, 3, 1),
    (8, 2, 4),
    (8, 1, 0),
    (9, 3, 4),
    (9, 2, 1),
    (10, 1, 4);
INSERT INTO public.tasks (id, name, parent, status_id, category_id, order_id) VALUES
    (1, 'Design Marketing Flyer', NULL, 1, 1, 1),
    (2, 'Develop Login Page', NULL, 2, 2, 1),
    (3, 'Compile Q4 Financial Report', NULL, 3, 3, 1),
    (4, 'Onboard New HR Members', NULL, 1, 4, 1),
    (5, 'Respond to Customer Queries', NULL, 2, 5, 1),
    (6, 'Set Up New Server', NULL, 1, 6, 1),
    (7, 'Optimize Supply Chain Routes', NULL, 3, 7, 1),
    (8, 'Revise Legal Contract', NULL, 1, 8, 1),
    (9, 'Sketch Product Prototype', NULL, 2, 9, 1),
    (10, 'Plan Monthly Operations Meeting', NULL, 1, 10, 1),
    (11, 'Finalize Marketing Strategy', 1, 1, 1, 2),
    (12, 'Code Review', 2, 3, 2, 2),
    (13, 'Validate Financial Data', 3, 2, 3, 2),
    (14, 'Prepare Training Material', 4, 1, 4, 2),
    (15, 'Escalate High Priority Tickets', 5, 3, 5, 2),
    (16, 'Configure Firewall Settings', 6, 2, 6, 2),
    (17, 'Negotiate with Suppliers', 7, 1, 7, 2),
    (18, 'Draft Contract Terms', 8, 3, 8, 2),
    (19, 'Model Design Changes', 9, 2, 9, 2),
    (20, 'Update Operations Plan', 10, 1, 10, 2),
    (21, 'Create Social Media Ads', NULL, 1, 1, 3),
    (22, 'Refactor Codebase', NULL, 2, 2, 3),
    (23, 'Update Budget Projections', NULL, 3, 3, 3),
    (24, 'Conduct Performance Reviews', NULL, 1, 4, 3),
    (25, 'Handle Complaints', NULL, 2, 5, 3),
    (26, 'Backup Database', NULL, 1, 6, 3),
    (27, 'Streamline Inventory', NULL, 3, 7, 3),
    (28, 'Proofread Contract', NULL, 1, 8, 3),
    (29, 'Test Product Prototype', NULL, 2, 9, 3),
    (30, 'Organize Team Lunch', NULL, 1, 10, 3),
    (31, 'Schedule Launch', 21, 1, 1, 4),
    (32, 'Fix Bugs', 22, 2, 2, 4),
    (33, 'Review Cash Flow', 23, 3, 3, 4),
    (34, 'Schedule Training Sessions', 24, 1, 4, 4),
    (35, 'Follow Up on Tickets', 25, 3, 5, 4),
    (36, 'Perform Security Audit', 26, 2, 6, 4),
    (37, 'Audit Supplier Costs', 27, 1, 7, 4),
    (38, 'Negotiate Clause', 28, 3, 8, 4),
    (39, 'Improve Usability', 29, 2, 9, 4),
    (40, 'Arrange Venue', 30, 1, 10, 4),
    (41, 'Design Email Template', NULL, 1, 1, 5),
    (42, 'Implement API Documentation', NULL, 2, 2, 5),
    (43, 'Prepare Revenue Report', NULL, 3, 3, 5),
    (44, 'Recruit Junior Staff', NULL, 1, 4, 5),
    (45, 'Provide Technical Assistance', NULL, 2, 5, 5),
    (46, 'Restore from Backup', NULL, 1, 6, 5),
    (47, 'Forecast Sales', NULL, 3, 7, 5),
    (48, 'Revise Compliance Documents', NULL, 1, 8, 5),
    (49, 'Design Prototype Interface', NULL, 2, 9, 5),
    (50, 'Coordinate Logistics', NULL, 1, 10, 5),
    (51, 'Write Content', 41, 1, 1, 6),
    (52, 'Document Endpoints', 42, 2, 2, 6),
    (53, 'Analyze Metrics', 43, 3, 3, 6),
    (54, 'Conduct Interviews', 44, 1, 4, 6),
    (55, 'Answer FAQs', 45, 3, 5, 6),
    (56, 'Identify Issues', 46, 2, 6, 6),
    (57, 'Gather Data', 47, 1, 7, 6),
    (58, 'Update Regulations', 48, 3, 8, 6),
    (59, 'Mock User Scenarios', 49, 2, 9, 6),
    (60, 'Plan Transport', 50, 1, 10, 6),
    (61, 'Create Landing Page', NULL, 1, 1, 7),
    (62, 'Write Unit Tests', NULL, 2, 2, 7),
    (63, 'Prepare Income Statement', NULL, 3, 3, 7),
    (64, 'Manage Recruitment Process', NULL, 1, 4, 7),
    (65, 'Maintain Customer Portal', NULL, 2, 5, 7),
    (66, 'Patch Vulnerabilities', NULL, 1, 6, 7),
    (67, 'Evaluate Supplier Performance', NULL, 3, 7, 7),
    (68, 'Review Legal Compliance', NULL, 1, 8, 7),
    (69, 'Refine Prototype Layout', NULL, 2, 9, 7),
    (70, 'Arrange Shipping', NULL, 1, 10, 7),
    (71, 'Optimize SEO', 61, 1, 1, 8),
    (72, 'Debug Code', 62, 2, 2, 8),
    (73, 'Forecast Expenses', 63, 3, 3, 8),
    (74, 'Schedule Interviews', 64, 1, 4, 8),
    (75, 'Update Knowledge Base', 65, 3, 5, 8),
    (76, 'Monitor Network Traffic', 66, 2, 6, 8),
    (77, 'Audit Supplier Agreements', 67, 1, 7, 8),
    (78, 'Prepare Legal Brief', 68, 3, 8, 8),
    (79, 'User Testing', 69, 2, 9, 8),
    (80, 'Plan Delivery Schedule', 70, 1, 10, 8),
    (81, 'Launch Campaign', 71, 1, 1, 9),
    (82, 'Refactor Functions', 72, 2, 2, 9),
    (83, 'Prepare Balance Sheet', 73, 3, 3, 9),
    (84, 'Provide Onboarding Materials', 74, 1, 4, 9),
    (85, 'Update FAQ Section', 75, 3, 5, 9),
    (86, 'Secure Systems', 76, 2, 6, 9),
    (87, 'Review Supplier Deliverables', 77, 1, 7, 9),
    (88, 'Prepare Legal Pleading', 78, 3, 8, 9),
    (89, 'Iterate on Design', 79, 2, 9, 9),
    (90, 'Coordinate Distribution', 80, 1, 10, 9),
    (91, 'Create Blog Post', NULL, 1, 1, 10),
    (92, 'Write Integration Tests', NULL, 2, 2, 10),
    (93, 'Prepare Profit Loss Statement', NULL, 3, 3, 10),
    (94, 'Hire Freelancers', NULL, 1, 4, 10),
    (95, 'Support Technical Issues', NULL, 2, 5, 10),
    (96, 'Upgrade Server Hardware', NULL, 1, 6, 10),
    (97, 'Forecast Trends', NULL, 3, 7, 10),
    (98, 'Update Legal Notices', NULL, 1, 8, 10),
    (99, 'Design UI Mockups', NULL, 2, 9, 10),
    (100, 'Plan Route Optimization', NULL, 1, 10, 10);